,InClass
0,javascript-events-lab-1
1,javascript-events-lab-2
2,javascript-lab-assessment-exercise
3,javascript-objects-lab-2
4,first-lab-revision-part-2
5,javascript-create-page-labs
6,third-jquery-lab
7,first-ajax-lab
8,javascript-events-lab-4
9,first-lab-revision-part-1
10,first-jsonp-lab
11,javascript-web-storage-lab-1
12,third-ajax-lab
13,second-jquery-lab
14,first-jquery-lab
15,javascript-events-lab-3
16,javascript-event-listener-lab
17,dirlist.txt
18,javascript-exception-handling-labs
19,misc-labs
20,javascript-objects-lab-1
21,javascript-functions-lab-1
22,second-ajax-lab
